,Method,EC,EC_vec_sd,EC_scalar_sd,Test_MAE,Test_MAE_sd,Test_MAPE,Test_MAPE_sd,Test_MSqE,Test_MSqE_sd,Test_R2,Test_R2_sd
0,ratio,0.47774375561203164,0.08352650469431228,0.019867860980455454,0.5727451087377866,0.060797564253341214,0.1394867920953222,0.27669689131215075,0.6740971830665385,0.10478774071717019,0.919608659392774,0.012496754425131897
1,ratio-diff,0.40636376116586365,0.07919033077263762,0.019155868363127455,0.5727451087377866,0.060797564253341214,0.1394867920953222,0.27669689131215075,0.6740971830665385,0.10478774071717019,0.919608659392774,0.012496754425131897
2,ratio-signed,0.1935253427311271,0.2195861638949948,0.08311313698622697,0.5727451087377866,0.060797564253341214,0.1394867920953222,0.27669689131215075,0.6740971830665385,0.10478774071717019,0.919608659392774,0.012496754425131897
3,ratio-diff-signed,0.08430604078042918,0.08916773750657822,0.03612356019759308,0.5727451087377866,0.060797564253341214,0.1394867920953222,0.27669689131215075,0.6740971830665385,0.10478774071717019,0.919608659392774,0.012496754425131897
4,intersection_union_sample,0.16352494761224284,0.18318609570765895,0.061641617570710676,0.5727451087377866,0.060797564253341214,0.1394867920953222,0.27669689131215075,0.6740971830665385,0.10478774071717019,0.919608659392774,0.012496754425131897
5,intersection_union_all,0.17329096915146272,0.06641264822943292,NA,0.5727451087377866,0.060797564253341214,0.1394867920953222,0.27669689131215075,0.6740971830665385,0.10478774071717019,0.919608659392774,0.012496754425131897
