,Method,EC,EC_vec_sd,EC_scalar_sd,Test_MAE,Test_MAE_sd,Test_MAPE,Test_MAPE_sd,Test_MSqE,Test_MSqE_sd,Test_R2,Test_R2_sd
0,ratio,0.5412378947248228,0.1797405852285522,0.03377369097081172,1.691435106229782,0.3528369648445231,0.4306502131527739,0.0741761243626923,4.27903231196683,1.4544848478269945,0.4896920611716963,0.17345864920810308
1,ratio-diff,0.3430437227816608,0.17590812050387478,0.03152761777552778,1.691435106229782,0.3528369648445231,0.4306502131527739,0.0741761243626923,4.27903231196683,1.4544848478269945,0.4896920611716963,0.17345864920810308
2,ratio-signed,0.40530060946467467,0.3268862987754296,0.056501781621012756,1.691435106229782,0.3528369648445231,0.4306502131527739,0.0741761243626923,4.27903231196683,1.4544848478269945,0.4896920611716963,0.17345864920810308
3,ratio-diff-signed,0.16418784897108565,0.2270873547668279,0.023486922270261872,1.691435106229782,0.3528369648445231,0.4306502131527739,0.0741761243626923,4.27903231196683,1.4544848478269945,0.4896920611716963,0.17345864920810308
4,intersection_union_sample,0.15823396074093024,0.24655221077686026,0.045405976362869055,1.691435106229782,0.3528369648445231,0.4306502131527739,0.0741761243626923,4.27903231196683,1.4544848478269945,0.4896920611716963,0.17345864920810308
5,intersection_union_all,0.1109051567210763,0.03888069198999968,NA,1.691435106229782,0.3528369648445231,0.4306502131527739,0.0741761243626923,4.27903231196683,1.4544848478269945,0.4896920611716963,0.17345864920810308
