,Method,EC,EC_vec_sd,EC_scalar_sd,Test_MAE,Test_MAE_sd,Test_MAPE,Test_MAPE_sd,Test_MSqE,Test_MSqE_sd,Test_R2,Test_R2_sd
0,ratio,0.48138546558018064,0.08622717148995934,0.013220071179957089,0.5628611617355346,0.04547569691269881,0.12281985370177187,0.6194850421951884,0.6659433823782681,0.08376377842804907,0.9205810636467013,0.009989483135835643
1,ratio-diff,0.40281321703754314,0.08163948915262803,0.012718947881712009,0.5628611617355346,0.04547569691269881,0.12281985370177187,0.6194850421951884,0.6659433823782681,0.08376377842804907,0.9205810636467013,0.009989483135835643
2,ratio-signed,0.20841129405162898,0.22463328247429687,0.04896905158028644,0.5628611617355346,0.04547569691269881,0.12281985370177187,0.6194850421951884,0.6659433823782681,0.08376377842804907,0.9205810636467013,0.009989483135835643
3,ratio-diff-signed,0.09035647975825037,0.0909684263993224,0.020752156205693154,0.5628611617355346,0.04547569691269881,0.12281985370177187,0.6194850421951884,0.6659433823782681,0.08376377842804907,0.9205810636467013,0.009989483135835643
4,intersection_union_sample,0.17323555175704852,0.18310053363892204,0.04799624526337466,0.5628611617355346,0.04547569691269881,0.12281985370177187,0.6194850421951884,0.6659433823782681,0.08376377842804907,0.9205810636467013,0.009989483135835643
5,intersection_union_all,0.1588447439014516,0.04927181638102887,NA,0.5628611617355346,0.04547569691269881,0.12281985370177187,0.6194850421951884,0.6659433823782681,0.08376377842804907,0.9205810636467013,0.009989483135835643
6,intersection_union_distance,0.821755073144655,0.8548084414014547,0.10736955214970362,0.5628611617355346,0.04547569691269881,0.12281985370177187,0.6194850421951884,0.6659433823782681,0.08376377842804907,0.9205810636467013,0.009989483135835643
