,Method,EC,EC_vec_sd,EC_scalar_sd,Test_MAE,Test_MAE_sd,Test_MAPE,Test_MAPE_sd,Test_MSqE,Test_MSqE_sd,Test_R2,Test_R2_sd
0,ratio,0.5111682199800239,0.17369517971409337,0.038108172386065696,1.8511069011718035,0.4182437263753162,0.3588280228987248,0.16674270481590586,4.959497886601522,1.8330348337224556,0.4085412402572739,0.21860368410432324
1,ratio-diff,0.3700378136645748,0.1737992485112804,0.03516001437662087,1.8511069011718035,0.4182437263753162,0.3588280228987248,0.16674270481590586,4.959497886601522,1.8330348337224556,0.4085412402572739,0.21860368410432324
2,ratio-signed,0.39086573491960064,0.3129045076368912,0.0658895469825901,1.8511069011718035,0.4182437263753162,0.3588280228987248,0.16674270481590586,4.959497886601522,1.8330348337224556,0.4085412402572739,0.21860368410432324
3,ratio-diff-signed,0.19658094714028987,0.23346248894427715,0.024001431386044773,1.8511069011718035,0.4182437263753162,0.3588280228987248,0.16674270481590586,4.959497886601522,1.8330348337224556,0.4085412402572739,0.21860368410432324
4,intersection_union_sample,0.3915661168481349,0.31966826767400164,0.047505684140588006,1.8511069011718035,0.4182437263753162,0.3588280228987248,0.16674270481590586,4.959497886601522,1.8330348337224556,0.4085412402572739,0.21860368410432324
5,intersection_union_all,0.2150942813554746,0.05998712274183599,NA,1.8511069011718035,0.4182437263753162,0.3588280228987248,0.16674270481590586,4.959497886601522,1.8330348337224556,0.4085412402572739,0.21860368410432324
